menuItemId,price
00012167-3e7a-424c-a928-8d87189cd909,78
00047d06-9aa5-458a-bbf0-a19863e9cc03,48
00068380-9256-446e-8908-34d4a2d71f14,90
000b8566-15ba-453f-824b-fd16122281a2,24
000bdefc-c89c-4fdc-bbd6-81d84b90132c,33
000f2cbb-9ed4-4696-9f7d-735ed9601e3f,50
0010a621-b355-46e3-b5a0-a7b352ead82e,46
0011bd40-bdf0-41f9-a743-15e681a55c6a,45
00157fc9-e550-40f7-b33b-87e5eb45b0e8,81
0019405c-393d-4a90-8e1e-3d0defcab072,98
001d65b9-95bf-4644-8ff1-ca4565107b49,34
001ebb0d-6f8e-4fb1-83f6-1c3355768425,11
00298f4e-692e-4e14-9ba7-9be5ebd551e0,18
002cbfcd-d7ea-4140-bf19-3df2654a1afd,58
002d2d3b-f77f-442b-b62e-aa363c321d30,13
002fb874-6799-4612-9f31-614748df480b,56
00354d21-f3ac-4614-9abf-74e4a071ba98,44
0037f9fe-a5ec-4e7b-ba14-d82834a4b498,74
003ad6f5-9272-4808-b691-5725c0b8a494,27
00400ce5-f638-4423-923b-1649d5d6671a,42
00422600-e807-46fe-9dcc-6aca7ece967c,25
0049cd3e-bc03-47b7-8415-504f52d48912,78
0049e96e-3386-43b0-8fd4-b4a16e4a2ce0,69
004f478e-2793-4eac-8301-868955bd36a9,96
004fa5bb-50e6-4a8f-817a-5933a03b40a4,45
00505d45-0342-44bd-821b-3a7217c18d16,26
0053bb22-ddcd-4e25-9016-a222f464a455,94
0053e75b-d9ad-4d03-a358-aba1e2e23082,92
00554836-cf2f-495f-a877-8f10731fadde,31
005ec349-0ec0-44a3-a2d6-f96dac9cfa9d,46
00612455-7228-4c38-93eb-6d1a925b30c4,24
00647d29-52c8-411b-a43a-61e35df50f36,97
0071639d-ef8f-41aa-bedc-9e9cd479a82d,99
0071de0e-63ff-4af2-8781-b043c04582f8,87
0073fb97-a21f-4730-960c-d8e41fccf78d,68
0074c03e-ff36-4ce9-bd16-76b5f714ea9a,56
007b6f13-2fc8-4835-a02e-6b88221d149a,82
0081f9a2-dc7a-4de6-9a17-0f944beb16fb,65
008292b1-8ef6-4885-a6e0-119c49ecbf2b,24
008bd1e1-3444-45f0-a51f-4d50f890b348,17
008c065f-b016-4a12-9bd9-6fdfb51083c4,12
008e2a53-a26b-461f-bd66-87d647724c2b,11
00903d78-1cc8-4673-99f0-a3ce995128c2,56
0091085b-f8ee-44f8-9928-3755fd9ccaf0,79
0091ab05-ed96-4c7b-aed4-596ad55c4c4c,77
0091fb30-3888-42ed-a44c-7d52aaf5f72f,33
0095262a-20a0-49ce-8ed5-ee8cdd2653ec,12
0099cb1c-fc41-4d4b-ba99-7ac8ebe62496,70
00a6af3b-fc5a-4769-a67b-69e025e8d2e7,19
00a7f1d0-f1b8-498e-ae56-89411d6341e4,58
00a9aab0-b147-4fca-9397-454aebb9364c,10
00aa22b0-0414-49fe-88fc-0aee33d8ec4a,54
00aea7e3-ea1b-44cb-ba8b-6601f9358259,81
00b02b36-8be3-4c4b-adb2-cf11f7cae999,47
00c324b3-b566-43fd-b604-97c88970c142,53
00c9e770-7f50-447d-b28b-038ddf852577,26
00ca4f12-5f3f-4e4a-87b0-eaa18949d61a,58
00cd458f-4e50-49a0-8194-15a128ddbb52,42
00d0c98b-79f1-449d-8d0f-63d158f949a1,52
00d30b6f-5b2e-43c2-8fc0-98ae9155627e,17
00d33c2d-f86d-468c-b5c5-125dc2e27199,93
00d45be3-ff54-4e67-91ce-6d93ad734735,61
00d921e0-b2aa-4f16-8f8f-c819f3349817,77
00db914b-709e-44bd-a711-2a2c0ce5827b,43
00dd7855-0c37-4bd1-9034-2e0473d4a0bc,73
00dfc699-a1d4-4eb7-a8c4-d0863f8fce57,71
00e4b80c-6901-4044-8dc1-6f6695dcd199,56
00e97984-4cfb-40b0-b801-56105e1843fc,38
00f19f76-b2ec-406c-8e70-12dbb2bdc59c,97
00f1a7e4-fcda-4b0c-95e4-a8240f76c14a,44
00f2f8be-c356-454b-91ea-1c3a5b717e90,55
00f4a7cb-99ac-44cb-9a66-21f32eb134d0,87
00f83550-d8e1-4500-a400-28caea492f18,80
00fbd71b-ac07-40ba-8163-5234224454fd,100
00fdbfad-8c77-49cc-b283-085ffd537aed,30
010009a4-b914-471c-a334-b4409089861d,30
01007cbd-f24d-4034-ae77-a4e924768d76,18
01043acf-9cbb-405e-a85b-42502ac36410,92
01059f6a-457a-410f-8bf5-dfe0e0c35b3e,51
010abebd-18a2-4a08-9871-96d40a1eeeac,59
010c1f24-cc06-4f3b-87b1-83527ace6849,53
010c2890-ea88-4050-bbd0-6b189f217fde,48
010d466d-7cdd-43f4-a84b-19b50e2509df,93
01134f1e-8343-4786-9237-f00eb32d29bb,96
0113858c-6b85-48c1-a60c-20550f80609d,36
0121165b-38e0-4160-bbde-396b58157126,94
0123acc3-1ca1-4c3e-baaf-3ee4cafb0c81,79
0124666d-b552-49a0-a00d-4911b762b111,35
0125f3db-2cce-4fd0-9e04-1cf4826e61a5,54
0126b06c-ba32-404e-a4f1-afb087be7435,49
012cf1e9-9fde-4fc3-9db5-c3b379933d13,34
012feec0-886e-4ca8-ae51-a57097cad6f4,29
01302945-ce01-4976-92e2-03cfcc9a0ed4,49
0130c5cc-1526-4b12-ac28-c27c89916743,69
0132dcb9-f2e1-4b0b-b3a9-1cd5185130aa,18
01398893-8e85-4aac-99e8-c488bc02f209,36
013a3ca5-5887-4ada-bece-d09fe34aebec,20
013d1e4c-c0be-4196-a453-3ef03ead118e,58
013ed8bb-1d34-4bc8-8fb7-ece9021298e8,93
014170eb-01c8-4e09-9cc2-c6892aa50d19,79
01417a20-937a-4de5-b1f5-28598b54cb3c,41
0142e78c-a7da-4510-a0cf-1f2c3f228151,33
0145b06e-8ffe-439c-981d-2ab7672a1737,67
01486f57-3d8b-4504-b05d-3d34630de308,76
014ad53f-7061-47f8-a6f0-b664d2e394ba,62
014b0d76-17dc-4841-89d4-1dc56415b4ac,18
014b106d-e690-4437-aa71-b08442e7fd1a,81
0151052a-733f-43f1-86e4-7f50de7de23a,75
0152ae96-2ac7-4068-a198-8373800186e3,100
01547bfc-13b7-4c86-9b58-42f3854ca639,73
0159c037-7c35-44d7-9e9f-74cd9c1baba0,48
015a2ec1-7d0f-4c14-b6cf-af7e8004e4a0,23
015f1b67-d29a-4a03-beb1-b2ae9759610a,45
016078f9-d4d7-429c-b4eb-a9e5ceb86ccb,41
0161c3cf-3de2-4d06-88b6-8de6d26f9e8d,31
016974b5-ce63-4675-960c-85987132caab,34
016a796b-2683-4ada-9b99-d08704ca1172,36
0173c026-d873-4607-bbcd-0a0166279dc4,51
01743370-1b22-4ae5-9b73-9bc0e5f455fa,99
017525c3-a9cd-4a32-99fa-28c649216e20,21
01758db1-7073-480a-8312-998be090c264,22
01779c13-a2b7-4aff-af22-4aa2b5dbdf74,87
017f5eeb-61ca-4be6-ace8-1dd1f6370b51,21
01803395-eb33-4f2f-bcc8-a3b5040831a7,73
01808834-e7da-4b4f-9ef0-82e651680f84,23
01860e60-2a71-4106-8fe8-cbd2fafedaa8,81
01868f0b-dfe4-484f-bf69-075cc6b6374e,15
01878f18-37fb-4a3f-8fd9-8df3538497a2,29
0188a784-0966-4105-bf15-e8bd158bef38,75
018e6988-eacc-4794-870a-f4a66a27a108,86
0192b7b6-4cdd-4b93-a4e3-36e0083c6fcc,55
01962f2e-9a95-409b-9c58-0187c2dc7afe,99
019c1c93-0fe9-4983-a18a-1108586944b8,12
019dd6b8-a602-46d7-a36b-46e6af0a9588,80
01a4cc5a-f3f1-4acb-ad2e-da26b676e786,44
01a4ec6e-9f58-4cbb-ad3a-fec4294e40e5,87
01a64fd5-08ec-491a-81dc-e752c1f1b857,82
01a9bc29-e1d0-4cda-8365-13fa7462188b,67
01aac6f8-7259-45a8-a18f-e2680af0dc71,18
01ad95c6-42e7-4dc4-9bb0-b9341aff7a6b,43
01b0685c-f882-4cf0-a582-a88869594a00,70
01b0ea88-ed3d-4fda-a15c-8cfe59bdf8de,83
01b2390f-c092-49d2-96bc-d1974e3eaf84,60
01b2ea70-688d-4daf-9488-816838fc73e3,63
01b3b80e-342e-41f3-a11b-c84f001ecc6f,86
01b64ccb-a28a-44ab-a8c3-937058be0e45,18
01b907f3-6f12-40e2-a625-76d2ea976cbd,19
01b9ba09-6c88-4b2c-ae2c-98839739149f,18
01bb2700-2934-4489-8ab1-f17ffdf2dfff,82
01bd3e6d-16d3-4add-a069-f1c600bbc693,78
01bdab35-b3ce-4910-877d-58fd2499a545,25
01c013f9-e5e8-4239-a702-e1bbca9ae5f2,19
01c03645-c7ab-4af8-96ef-4c8f6bbf5013,40
01c1a07b-d94f-4b01-b6e9-7358ef24942e,31
01c3632b-6b7e-4869-82ec-6fd53380df15,18
01d00c13-9d13-41d2-8f3f-b2b38013c02c,16
01d51445-b139-426e-ae06-108f76e48ec0,58
01d643d5-10cd-4c3b-a534-86e8f89d5936,72
01d81f35-fa83-428c-be6f-47409d05a02d,41
01d99e77-6db3-46ad-a7ac-6f10c47ba353,39
01dbe69f-26f2-4d71-8f67-f85be6f01d55,95
01e431b7-d646-49dd-abc3-d648e16a71ff,17
01e7ba8e-0c98-4e3c-887d-e04648781646,86
01e7dcec-2156-41f9-8d41-8d487004843b,34
01eb0bc4-ec9f-436d-adfa-2f023b5bf68b,37
01eb1a28-d4b2-4620-aadd-7938f537e9de,85
01f2ca7c-9253-4367-8ad1-d542329fab97,38
01f50013-6d0b-4edc-836f-e00db64cccfe,16
01fe2fae-6d79-4138-9b05-3b0edef14e1f,84
01ff07b9-1d85-4a6a-ad76-6d74c5f406cf,23
02057c6f-218a-4d3d-a8d4-85a126bbcbe2,57
0209e5f9-68ed-4d8e-aa8a-cbef944ddd48,98
020d953d-6d59-45a6-9562-b3bd51b77868,72
02130eb2-54ad-4554-b01d-64457b2cf40f,82
02181068-51b9-41b2-ac55-45dd31e3f615,25
02198153-35ab-4a14-985d-3a23cc7d7c99,20
021a63d7-6dce-484e-a8cd-da7bd0b60a11,58
021ee258-fa9a-4992-8a28-7b6540e3e6e3,17
021f661a-1306-4f43-9569-17bdbdc54ff7,91
0222be3f-3261-4607-ade2-5153be414da0,82
022346ae-7c08-4a92-95b9-7e1fbcd274dd,72
022895ad-935e-4017-9257-afd916556def,87
0233d373-a253-44d3-9946-d3f3a36bb3c2,17
0236822a-047c-42ad-9274-075c9e0a6bf2,73
0237adb9-bf37-414c-9b8e-a45bb3e15273,39
023a547d-d029-48a5-b3f7-32bcbc80c15a,90
023cb1a8-c911-41a3-ba8e-933964bb2fe7,76
0242a5d7-cb47-48ce-8e8d-bee969ac3dd7,76
0243104b-b603-43cf-8376-d2d6b0797c4f,76
024333bf-1803-4e5d-9b65-1a89e339d904,71
02439c52-c154-4f62-aaf1-f7ab33546b8e,75
024463ea-bac7-42fc-9ae8-d4c0de330a81,25
024aa97a-7290-418b-9a49-83b7e32d4693,59
024c1d14-fdec-4a3b-be88-08f021b90076,64
024f595d-b237-4ebe-bc77-c0786edbb5f7,29
0253a39b-4d12-4c0f-8e92-d00f59cf0864,41
02541ae1-0afa-4f7a-921c-10c856fe2a7a,80
02557141-e44f-4871-af86-b02aa0310a94,23
02569643-81ad-4dd3-8cd5-10b466534419,37
025bd446-0070-46b3-ab47-c2110f0f1bd9,14
025c5455-a2eb-41cb-83cf-1f06b31befcd,22
025ceffd-ae51-4461-8562-dad83c057c9b,33
025eaf2e-bbb4-4005-a7f1-5a39b1ef37b4,89
026039c9-b744-4fd9-a73d-3bc6b7cdbf41,99
026249ff-8727-4300-a751-133dc845fab7,78
0265b981-af93-41da-8aff-a2833c006f8e,35
026a1e14-7f50-48e0-9d6b-77b8e054bcaf,21
026bceac-1eed-4bef-bd63-d2875620e0d3,38
0272fc22-a619-46eb-a783-ed916dc5280f,84
0273129b-0c6a-45ca-bb62-480cea8f06e8,76
02769450-a036-4655-99ad-c4a72d10a6db,37
027b6ec2-0229-49e4-9661-f789749dc995,11
027d88e2-d07a-4476-acb6-ab8bde9f12a8,44
02814d2c-7c3d-4bc7-a6f5-2b60e94f1c3b,25
02841d15-150c-42a0-9ef9-64995e0c49a0,50
0285bbc6-5b0d-4766-8e90-0efc65fb7080,75
02899d9c-a89c-4dbd-84a9-2769b1e46693,62
0289d81f-ec56-48a9-9205-3ce34a50f46b,84
028e4c25-a21b-4843-bef5-30e49e07ecec,50
02931631-6d85-45a6-aad3-b7863b7976db,64
029e506f-fefc-451b-804f-6fe45ef5eb72,95
02a1e59f-2d83-424b-8824-19fd05306a52,76
02a37118-2e0c-4f87-82ba-94e0946440ed,39
02aa71b4-27d4-41ef-a016-2a158a150e9e,29
02aaad08-37ce-42b4-96eb-a261311aeabb,62
02ab93b1-4fd5-407f-b82c-32eddcf948f3,53
02abd1b7-7adb-40ea-8791-aaaa42d8e53e,62
02b35819-5b3a-4425-9227-b4cfe56e66b3,44
02b511e4-169d-4133-80dd-9c49ddeba752,30
02bb9313-8f67-48b1-9708-77d2e216f137,73
02bebf44-849a-4424-97de-395120841c44,46
02c0e9ba-5b72-402a-a5f7-6253f6fe36ac,73
02c1e6fc-9084-44cd-8dee-71ba4869fdfc,89
02c4e9f2-f79d-4d81-bd41-f5255a3b0541,81
02c7b8d3-110f-40f1-916e-643573e9e4c7,16
02c954ce-3b54-4f4e-9f54-8f73fd7a84df,48
02c97bb1-e356-4e56-8a71-3db354d9a6f8,23
02ca2550-c999-4b56-a062-ff9623f13e84,71
02ca3245-83c7-4558-b9f7-7c932d166627,11
02cb7580-ca75-4376-8864-71000293b9a7,93
02cc4662-382e-47a1-b0b9-bf9fb48cd755,51
02d5f695-287b-4f1a-8f65-761a4b3ecadb,96
02d69b6c-94a3-47c9-8a75-c4aa215354d8,53
02d72ff6-fb0b-4522-ae87-49b8158dfba6,61
02da94df-05f4-4e3f-b363-47bd384b94a6,100
02dad880-ef98-442c-9c25-9dfdc0f850ae,35
02dd828d-c027-4f9a-97af-1db9bf31f166,32
02eadcb4-261a-4e83-9b6f-a8c903d49585,86
02ee119f-95a6-439b-a359-c551d5890569,28
02f404cb-49fa-4d99-9fa8-3f194437cc89,74
02f5b387-e3d8-4431-819b-833d55b217bc,41
02f6e943-a79f-4872-a27f-2c7eee680a2c,96
02fb6492-e279-4e44-a14c-69165ded67a6,58
02fbe8c7-4e5e-494e-8fab-b6d3b966e1ff,97
02fe0798-6c90-4440-a2b1-2449687dc7a5,87
02fe2841-8c1a-4905-b44d-9a7554afb18d,52
030149d6-786a-4315-9169-c55b454e0548,72
0303019a-5ea2-4eee-ae6f-12fff0c87ece,98
03042aa0-8721-498f-bf7b-2978361c298d,29
03043acc-3816-4c59-a8a7-dbc73ad8a8d6,18
030665b0-8a84-4ade-a5f9-954d35d15c90,93
03093534-7171-421f-87ee-120c4156a23b,51
0313b5c6-2bb2-4b42-a30d-008c3247afaa,82
03149ee8-ab6f-44ab-a4d0-bc5469e4bbc1,28
0317302d-e63f-4938-945e-b0ae1969d500,35
031837d2-dad7-42c7-bf1c-be546c54958d,90
0318d1c1-1ef3-4f87-b8da-257c43868c34,69
03198b2e-fd51-44a0-a507-3280182c2d25,17
031adb51-ede2-4503-b3d1-133a7c69b581,30
031b0238-a85b-4319-932a-de0fa209931a,26
031db293-b3f0-4281-b17f-a8b2c0a6eeaa,37
031dbc19-3eef-4d35-bfe2-acd7097675ae,55
03239d03-b2a5-44eb-bfc8-78c5f9eeeb41,26
0324d6bb-e68b-4409-a570-dfc48c627308,21
03257617-b418-4478-9ac8-ea97e1a58a54,95
03289ce5-0e7d-493c-a899-7b6fbd3c2114,39
032b3316-595a-4309-b4a2-3e669d85220d,16
032b5701-9712-4aaf-ac08-cc5e287c6d37,31
032c0314-e707-4c19-9ad0-1a205b528c3d,30
033163c5-2e46-4c56-9bc6-00095a363984,65
0334363e-0093-4ae6-a8fb-bd7fe2f1b623,13
033441f0-7052-4fcd-8c64-5f6891ae16a3,30
0334dd66-8a6c-488e-86cf-8d579f924de8,82
033a3a5d-6f97-45f6-8eb7-9f9fc8bcf31a,18
033c492d-10af-4205-a18e-101a309265c5,22
0343fc1b-cf67-46bd-b2ef-7902d97b51d1,14
0349d627-bb84-4307-90c4-b607f1c11937,92
034f65e7-fcd2-4a50-98ff-920e25d80a37,93
035165ff-afac-4f59-8d27-968d37d8a99b,28
03536283-09d1-4d66-8b66-38755d44a90f,30
03566241-ee69-4fd5-9ecb-b8c91dad802c,51
03581f58-8ea6-44e1-a951-1d191b9e3908,54
03582c16-0c44-45d2-b9ba-6b1371b4bd9e,85
035c3886-ccb1-4818-87bf-d0d29ffd5d0b,38
035e1c5e-5bd1-463c-83b7-e9d6c68c097e,74
03612ebb-30b8-422e-8bd7-1b8d8881bc73,25
036f7768-eb7f-4ddb-ac1f-a2eb4091ebdd,78
03806158-d04f-41c9-a6c5-4732e708641e,15
0381c352-4695-4a51-b9de-83493b785e24,62
03829488-20c4-4d35-ba08-f6d5e4e5b5a0,10
03859631-ca46-4421-8fe2-372227c330f9,95
0385ec6b-9acd-468e-b277-bca2358eb4d4,77
0386401a-994e-44d9-b713-c81465a3a498,58
038660e9-7057-444c-913b-3a9527e33863,58
0386aed3-f724-4830-97b9-3d33215febb5,67
0387503c-9946-4560-91e7-b772b07c6152,27
038e2aad-5b76-4f84-a2ec-a2688fdf268b,47
03954651-44a9-4f9a-8429-1d387625637c,46
03968b2c-1114-4104-80d8-e92f7f8cd140,73
0396d561-e9d7-4080-84c0-db165ecc5866,44
03975557-2227-4426-9ada-c08872ea9162,30
039b482c-31f9-468b-bf88-a0475ef6e6be,11
039b8ef7-8cb7-4829-aab0-2cc9586338a2,80
039cf7e4-1a37-4702-b035-588b378f9513,99
039d3ed9-a33a-49a6-93dd-686d96d6f015,73
03a05964-170f-4287-bf31-bd7b6dcebdaf,14
03a50b19-8856-49d4-bcbd-7f233e9e5804,70
03a60ae7-c9a4-417c-b620-0319e3a722fe,63
03a95b2b-ce2a-4407-9ede-68a5f3de1f0e,23
03aa7293-fb2d-4ccf-b1d3-d0e09f9cb2a1,84
03ab2421-7a0b-4afa-94d1-6f19f4a75281,16
03b53118-a976-425b-9d79-3cbd820cba60,14
03bb1d9a-15fa-4b8d-89ea-18c3f0aa70bd,35
03bb9367-ca0e-4a3e-a521-53661e652910,42
03bc500c-3e19-4844-88c2-437085f2ff82,12
03beb6da-ed4d-4a90-8ea7-f2be9355345b,66
03c4ac50-5c0c-413e-8214-16413f36e5f4,28
03c62c48-c97c-4235-bf5f-53e9a49a99d8,13
03cd281c-bd04-43be-a468-33a73f0a5ae6,19
03cf8999-96aa-46a7-b536-1d028985d79f,59
03d45cd5-a758-4fac-bd90-e35f3af5ddee,49
03d86647-d4ca-424a-96c5-56e9a2ef8938,69
03db35b8-b80c-4ba2-b9bc-ca666ebe1819,99
03dd3272-0e91-464c-b668-e8b5ef91a683,95
03dd9815-29b9-4d6a-8052-22b9a750fbb3,64
03e44015-7039-40bc-82d1-62f34384885a,32
03e92f7b-9ed1-4441-8582-5003c74ea99b,30
03eabcf5-d34b-4de2-a10e-5e05984b5a7c,64
03eb23ab-9afe-4048-8b9e-e4b34c4a9065,60
03ec1e96-48ad-4f27-bf52-a1e4b39922a6,93
03f3d832-b44e-402f-b646-db7d3500ca26,75
03f4333b-7ed4-44c5-b7ee-8de836aaad1a,57
03f492eb-9c68-4792-ae51-3e9440f50000,77
03f7e670-4d1d-403f-bd67-d14c76c2b8bc,39
03fb7b4a-9aff-477f-a4fb-421840998c5c,95
03ffab24-0b3a-48d2-92f0-d8def8dbe3a7,68
0401d4b9-9a76-4c65-aa16-31e4af49b635,89
0405490b-d4a3-4822-b406-9446d8e1ec43,39
04059962-a7b4-41b8-9eb9-fcbcc3dfa3f1,38
040ad6dd-aed8-479d-afa9-9e386d37911d,97
040cf71f-0a8b-47fb-b47c-374a3ac3293a,21
040d2e03-7fbb-4f54-965a-a54ac6e23e92,39
0411d694-bf91-4fb6-8e22-6631250f8de0,41
04120189-05ef-44c3-9c96-3168dc0f11e0,85
0414b702-20b7-47a8-b71a-458d973b3581,24
0416e749-cc54-4254-bf6b-8cc473699ced,70
0421660f-2c66-47f8-8835-d9790bc951c7,96
04255163-fd5a-4f70-8e46-f46c4cf6ac01,67
042564c9-0d20-42cc-9e87-4eb75501633a,53
0426d7ef-69aa-44a1-9d2a-5413a7d5d139,50
042afd79-44d7-4c9e-ba09-d4adb0635395,88
042bcb78-8fb7-44ff-b64a-d2341952bcf8,100
0430d598-30b1-4c21-bc22-720bc333dada,31
04409d6a-86de-4ffd-b4eb-26bc7107c324,84
0440c232-844e-49ca-95ae-e06f9ad76b2d,98
04416b61-9d5f-45de-a11d-65349e8ff545,23
04417600-99ae-4c37-9a13-cbc35b38b182,75
0443b561-7047-4482-b45e-4e77d4dfcf16,39
04466a92-4ed1-4185-a7cd-ad7f176ebed1,13
044865cc-74b7-4cde-8456-ee415dfd8d3c,95
0449c4e6-c01c-4af0-86af-663288e975e8,65
0456cb26-7a9d-4f1b-99c2-e18e948b750f,53
04580777-f99c-4d4d-a28c-06a8a43830db,28
0460589e-b956-443c-b1fc-daf84f38042e,87
0461447e-9a74-4e57-80e4-394d403be92a,41
0462d56d-4615-4c1b-b5e5-ad20da9dca9f,21
0462d5ab-a073-44cb-8714-8b1f7f018506,89
04641fa4-b005-4edf-95b6-62d0efc30633,41
0467978e-76d9-439b-bb64-c06b78855d90,94
04695702-7a4f-4956-989f-f53c010410a2,47
0469840c-df3a-4137-ae7e-a0943e707b8f,31
046af997-e1fe-4748-9855-ce4498a6ae8c,44
04721b90-fa08-4676-a1ea-3323a8c15d62,87
04732b33-ced8-4e74-bed1-28a900d25ca2,11
0473e937-2003-4ad1-8ed0-e94c8d8da1b0,15
0474d7b1-0362-4c76-a94c-6d5be3f4616f,93
047a72f4-0edd-4aaa-bee8-ce074bbca5c8,96
0480cb7e-b6a9-413d-af8c-702d68616918,52
0480fd4f-902a-438e-aa7a-dc92e8dd648e,54
04829eee-e7fa-410c-9e8a-b7a77856df11,60
0486ec6b-b69d-42e1-b03d-f3e702ebba74,42
04876b57-6463-4daf-abf9-37865b266e99,32
04883299-feb3-4e75-b533-d711d4d79b19,50
048dc206-08c8-4901-9ced-e68477f4a633,51
0493d1fe-d986-46c6-9ffc-9a057faf972f,58
0494dbbd-5a32-4090-9e4b-629bee9635a2,61
0499835a-0d7e-46f4-906f-dd7c7651d776,94
049c3ce9-6b65-4720-b475-7e80f331d247,93
04a735ad-3ae7-4101-8790-8a4f11aea137,96
04a92895-a843-4560-91b8-7e472454c0e5,69
04aa5bae-2ecf-4dd6-aeb5-343e3a57186a,80
04ac4352-feb2-43fc-9f4c-a8525713b009,38
04acf604-e14a-4eec-8d0e-1b90ca055283,53
04adbcf8-54f2-4573-9d4a-b1e120e92da0,67
04af0a56-0098-4ab8-89b5-d2604d8c6ef9,59
04af1eff-93a0-4675-9f0c-c4f22eb0d0bb,92
04afb138-b46a-4bc6-9fa4-74ca0d33469b,19
04b189e2-366c-467e-a497-8c1eb00a6ce5,10
04b1ddb0-bb98-4f28-89af-f94615de28c3,11
04b67103-e208-47f6-a541-bb133c7c5eee,37
04b8a0e3-2190-42f5-aaea-0db2e78a878f,42
04bc18c1-fc77-41a2-bac8-4c2b9ac6bc05,34
04bd9f6f-792a-4750-b9a3-835fb7db01d5,70
04bebb32-c4ea-4600-be86-b31db33e3f6c,14
04bfd861-0bbf-4ba9-ab9b-019f2c6fc0d5,14
04c17724-38d1-4b36-b98f-8ed26ba47e0a,17
04c17e72-0484-4a6a-9ec2-63ab74952a58,79
04c67dc0-559c-418c-9c13-b87ddc7f131e,60
04c73e0c-55fa-41d8-90a2-5e7b7040e7e7,30
04c86031-0bfd-4d5d-9f8d-38deecf7c819,24
04ca39a3-5e42-4eaf-9efe-f13d7b306e80,33
04ca5aef-6b91-4bc4-a611-f7c4e443852b,50
04cc8534-2378-4cf6-8139-adc3b5709505,18
04ce24ba-b510-444e-aaef-ea8b93be760d,49
04cf6f63-fd2d-46be-b974-d2c6752f62c7,100
04d275bf-44a5-4bce-84e3-0b02b75116aa,92
04d904e2-300a-4c63-84fd-8769070903e3,78
04da3075-ba2d-4ba1-85c4-8c199ece2025,93
04dc7a30-98f3-4a9f-833b-04428d07f8a3,26
04dcb0b3-3abe-4860-9191-827d021d767f,51
04df3f46-6026-49bb-a176-80e9c7d2b160,42
04e06d0e-d6b0-4348-b671-486adf26dfd7,48
04e229ef-06fe-4af8-a5e8-6fb6641595cb,44
04e5d63b-4209-4693-8a61-7e88dbd01d92,20
04e5fe6d-9066-4c4d-929b-4ff79f1604de,48
04e83abb-87de-4009-ba61-08a0d7779c2d,37
04ebf283-a52f-4422-99ff-c250cf2bf8e1,54
04ebf8a6-01e1-4708-ad45-56d21cae50ab,89
04ec4864-b326-440d-aac5-00bc2506ca96,14
04eca808-2c92-4b0a-af14-1df202328aaa,35
04ed2a6b-f49c-4f37-9d24-ed2bde9bfb3b,37
04ef7739-bfc2-4d37-8a6a-40dacb207641,53
04f1b15f-53dd-404b-b47f-898b2014226d,79
04f21635-ef5a-4234-8747-9f31954fdcc9,40
04f6cf24-aad3-4330-b9f8-6232c10b3f06,72
04fa22d1-bc3d-4920-936f-ae54608df503,63
04fc07ec-d806-428f-ac18-4ab6d0c3f3bb,16
0503f0ca-e35c-42eb-82f5-9373492ce56a,100
0511cdab-33e3-4fc1-8c7d-5ddc9c0ed16d,97
0518b160-3033-41a3-8df9-fedc80c42028,49
0518c55f-087d-4cc9-8e51-4bd708b0dce3,24
051ccf77-d2d1-44d6-949f-704a23deab04,24
051f4946-11b2-4fac-96fe-5bf9cf950766,98
0521aeb3-7fe7-4e21-b801-8a9f83a73292,71
052586a7-e5a0-40c4-b2d5-259e82c832d0,49
0525c104-982f-4047-94f1-4c7b443b6580,26
052de9f1-1b95-41a9-a3ea-1195bb598a6a,39
0531db55-362d-4a8e-ad6e-7f19930bbb05,92
05330664-c6df-41de-bcc1-d6fdfe89c0bd,57
0535e6db-691d-4ac6-97c5-f6fcbd6b19d6,99
05380b97-a115-4268-8c07-f39115a8b8b0,99
053a0653-5a89-47c7-aff2-e2af2476e811,79
053e4591-8ffe-451e-98dc-17f4b711a8b0,49
053f315c-4374-4bd2-a882-ee053604e710,53
05410a42-fe1f-4206-9e9c-dedb67c4f6fb,52
054e9ebf-5c8c-4d1e-be01-f4c4c8ad2101,43
054fcaf4-8f46-468b-89b6-eac52ae909a1,78
0550952e-ebad-4f4a-8e26-c42ace748061,69
05509831-0ec7-42ca-ab62-71b6b593e8ff,54
0551e08d-4c67-42b9-8a58-5ab497b79e0e,43
0552a45b-034d-4a66-af49-9fb05649e449,59
0555a98a-9547-418b-8bd4-923806badf53,73
055b34e4-3dff-4483-9f46-d6429f77ce79,53
055bc5a4-6021-4b8e-9bde-e2d3a3c8f9a4,52
055e79c5-c31f-42c3-8625-00321d7866ec,90
055ec0f8-86d1-435c-b840-a754a26e9b39,27
056012ea-b81d-4482-b069-b88090d870d3,81
05630645-d762-4d1e-a1f0-6305481b39d8,59
05670280-f53c-4911-8a3a-8e56541f3412,40
056f059d-2b00-4e98-8845-dbfd04dfac1c,80
057371fd-f6cb-4d1a-ac07-c86daaee3780,54
05743909-838d-4b58-b057-e9c69b93db97,34
0576ec21-2b79-40f3-ae4a-6b40a6565feb,88
0577426a-0be1-4e2d-b94a-9ff9fd4d5e71,76
0577c863-685d-4c5d-8687-b7d09a1a66b7,54
0578cb1e-02b6-42f2-b988-a032683522d9,53
057cfdfe-7818-40c7-a689-cd9f4baca7fb,25
057ee4c9-eade-4c41-99be-98868082921e,60
05803b3c-0452-4694-8b7d-9b9949d3aaa6,93
05806247-d1b8-4c2b-b26c-a949f8ec56a4,43
05828bc4-4d5e-4225-b4ca-90890c021b45,79
05831d9f-89d5-40ed-9a0a-994cbd4327aa,25
058a7d2d-93bb-41b6-8e0e-f64e999a8487,32
0591cd17-0fbf-4cea-ad04-10db298795e1,67
059302da-ac44-4908-8b08-484a7a5876fc,21
0593c4e6-f81b-41fe-b625-32e3a3e18c6b,72
05949e00-6c8c-487c-8961-4cc24581e5f6,88
0594f0b2-5751-45b8-bcaa-66dcc4030f3f,57
0596aba1-5f73-4727-a995-7e0487e3ebc8,53
05970b1a-d10c-45be-b9a2-932a78a0aa55,45
0597229d-863e-4d29-b486-e682cea75a5b,37
05984a15-5619-494e-946c-30b2890cd828,61
05a2f466-5431-4cde-ab06-b1400fc1dc60,95
05a55566-05c9-48d8-a67a-4e289be9c251,10
05b5a5a4-776b-4711-872e-16ba06ca6da2,37
05b838d8-f866-4422-9e74-a41799c6d1cd,34
05bb905a-3004-47aa-a57a-507f98fc157d,12
05bbcbeb-9ca5-4cf3-ba99-dcfd3b80d521,57
05bc74d7-5a64-4a77-8a24-84e067613d61,81
05be1d70-a4b3-43ae-a0a3-96c3c5f5b355,38
05c20711-d62c-4a80-b909-d8c132ce6dcd,13
05c8961e-bef7-4fc9-8887-2b72fa31a948,88
05d2694c-3af3-4a0d-b56c-1f909cc2fae2,26
05d6d5d5-8ab9-4ceb-80b2-d44e837b748b,74
05d7d4c2-3bd5-4b8a-81d7-d4f1eb57f534,20
05d7e767-d4af-4159-8363-9e05e0172bb2,81
05e4107b-6104-4a1d-a51a-eebdbb93898f,23
05e5ee42-0b18-45f0-9f0c-89b126e86328,73
05e6aa70-917d-4312-a259-b5771529abe0,23
05e75a78-f8ad-454c-93c5-88da9b2035cd,75
05ecd1eb-8717-42fd-bcdf-101df690d922,96
05f2cec1-749d-4983-b86f-54127ec05382,29
05f78924-9202-499d-b0e8-a0247cf2b155,56
05f7cafa-5349-4607-922f-66f3d32dd024,17
060362c3-1845-4d36-9d42-7ca42df22be8,84
06047071-3b41-4270-8080-aa357860aeb2,32
0605b3d3-f003-488c-8fbd-b6475f5e6b90,92
060620bd-baa3-4f2a-b1c0-fa0c93389158,72
060d7f21-0f36-45b9-81ff-e50a2f1a09a0,35
0617cafe-cbf9-4dea-a73c-192c37cb8530,32
06195ad1-803d-4eb6-acbb-60eb70692a7c,10
061a20c3-6872-4cbe-8225-b39e1fe3795a,91
061cfed4-e788-49c8-99be-a689e2d174b9,80
061e49a2-3acc-4aaf-8a7a-7846c3d8f44c,80
06201b90-7389-4d26-8bff-897c2507e57e,52
062292e7-2bc6-4390-af04-a915606a03d2,94
06282930-7501-40ea-93f6-d7eb9f81007e,96
0629134e-8ee9-49af-aef4-c77ee1053c61,27
062d2c4c-a6e4-4403-a5de-0df09bb7736a,50
062e7cb2-b359-4e94-95e2-a2af8affba8f,14
062fb996-608b-480b-aec6-ee142cf00074,25
0630a7e2-9118-40d7-8976-73a046b02bb4,74
06326064-9da1-4115-b290-59426935ea72,51
06340a09-e213-4068-8746-8703e587c7b4,69
0634703e-0e32-4df3-8264-c894b5dbe016,21
0637a92a-a13a-4153-a117-4674c5340688,15
063a53af-4af3-4efa-9f16-682fad3b8403,36
063bb0e8-17e8-4634-a8e7-d50aa018f28b,70
063d1563-a6a6-4e80-b600-b63aacb7b1f5,23
06416273-9e46-4ee3-9fbb-ce06aad96ad8,51
06431ff4-8024-4c0e-af42-be54685236ac,51
06445ec4-d593-4b0e-b245-e66c901eda81,42
064976cc-15bc-4463-860b-6dc7a18efa7b,82
064cad0d-65d5-4fc3-be91-1cbe0ae197a0,79
064cd3c9-deb2-4019-9a02-1e32891120d2,70
064d226f-b867-4421-9779-1295b273a3c7,84
06519a19-6c3e-4673-b343-44f57d3a0b5c,71
06557afb-10ad-477d-9cf4-04191df65d6f,46
0655e9b3-90b1-4c80-89b0-2299ce92afca,97
065791e2-d947-487d-96a8-4ed93b636fd2,61
065c75bf-136a-4a33-886e-4f145a0fd04d,37
0662fbe1-8b81-41de-9ed7-97485d04ecf9,15
06659c78-4bae-46f7-87bb-ffa57c775abe,56
067298ea-da28-42cc-a357-e81b8f33dcee,14
067842c4-f642-4d68-98da-0c1a6096424b,75
067b03a7-68b8-48a9-874d-62c7621586ef,94
067f746e-34cf-469f-b1f4-2161c0add42b,100
067fee6f-9a40-48d0-9e48-4e4e61e3441b,56
068187ba-f967-430b-9542-412eb9fe8e96,42
0683f032-3fd4-4a36-97b5-8eba6bed9034,87
068e73d3-13a3-4731-b584-79617085895c,24
069013d2-8590-46cb-a1a8-b67ec0621243,82
0691d0e0-f1c2-45fd-8ca9-596c5b290fb6,38
0691d2f9-f6ce-4c06-ac5c-28479925022d,63
069a8d05-81bf-4d07-a104-2a3b0a56adf6,14
069bf4c8-a870-42b8-b64f-65e0ed644964,54
069c65a2-03b9-4c8a-a49f-96d2a40dda18,58
06a1d3df-8e8b-4094-a5fb-bc1e37e87327,26
06a57058-a7cf-4be9-bb25-2a03f54f0022,18
06a59663-13ac-487e-b543-051b0972d7b6,20
06a59bbd-10e0-4897-a1ab-77b4cab70400,71
06ab3d9d-d952-461a-a53d-97b6997867c2,96
06abde93-e5de-445a-ac62-a69208a2ee58,74
06adbfe4-9feb-4c4e-9637-f3ee8e8f1102,85
06b03277-a0f8-495d-9404-8b92afbbebdb,24
06b811d2-1eb6-487c-afc7-d1c98ea44b54,71
06bf463a-a963-4fd3-987c-55e80d490f9e,98
06bf73a1-1fb7-4abd-b328-0a8808b10488,75
06c383f0-226a-4359-82ac-a452daac2b09,84
06c3b97d-5736-433c-972b-98252acf1ddf,79
06c63272-f59a-49a8-be13-64665530a17a,12
06c649f3-9687-4a1a-8d2b-ec1e926fc5c3,14
06c6d50b-a2d2-425b-b50b-8e5eeaa3f8b7,84
06c92d33-9f7f-4687-8d43-10b6b62fe872,38
06c9addf-7631-45ba-b6a0-164ded7e8a4c,16
06cea0ce-82ad-4c42-8377-5a21928070b7,48
06d1f360-8152-496d-85ba-60e9e935c94f,98
06d41afb-3048-4b31-aac4-af075e0ef492,63
06d88234-124f-428c-bc2b-8fe17ade6492,42
06da202b-7bf2-4e20-881e-969de0f94407,56
06dc212e-9532-4c1e-8566-40afea103107,59
06de0297-2998-4bb3-a30a-851e5e54c993,46
06de5af0-334e-4847-a17e-eee3b7335099,98
06e1ac6f-0b19-4c98-b116-cca4f7cebe9e,66
06e4fef6-3277-4df2-a1b7-4e8d19dad5e7,79
06ec1a5f-1078-4fd8-b051-ad51bb50ec13,97
06f24fd0-cdb5-4692-86a9-ab17c0b1630f,74
06f5b589-49ea-44fb-8874-4e9aed0b5061,89
06fc3057-cd54-4c69-a301-cb962859651b,50
0706d4aa-657e-4448-b256-6f10e0ebcb1d,64
070a6bee-2610-47a6-a7c0-61217bb5aaae,20
070c7487-14c2-4b45-9113-1dac242a9142,66
070eb073-61d7-45ec-abe9-33c0161a7ac0,25
070f52e0-628b-46c7-8dcb-6ec271c3a82f,55
0716717e-7e4c-4471-9fa9-2e9766840e26,86
071a9bfa-a4b1-4d30-91c5-30585f2ecb38,83
071df79d-b0b8-4ec7-9597-a17cf6aede39,87
071f2097-61b0-470e-ad78-69a9ea2a8851,59
07227c50-538a-4c83-8df8-ba07430fb28d,24
072700a7-12d4-4469-94d0-3e51267f75ca,29
072920ae-55b4-479b-8809-cdcb163a116b,50
073286de-3398-422f-846f-eb56e98b6d6b,96
07333b6a-c778-48fb-8525-476d7632c378,54
073ade10-0002-4241-a857-999d04f33eaa,63
073d7b1c-86c1-442b-ba9a-ab15a2571bd2,24
073f277f-cc6d-4e86-b076-b448560127a3,46
07421991-f972-4613-b3e2-c6d3d06870f7,68
07465ce2-f9ac-4c27-9da9-b2940028d4ca,26
074be2eb-0c1d-4195-9985-53f42b9b7e82,46
074c20a3-b37e-43d9-a059-b3824dea2558,33
074d492c-ee85-4a63-b6a1-81744197fc9c,40
074e3785-5208-425b-a86a-1e47e288e12b,78
074eb829-5794-44c8-ad7d-97e95a19a4ca,56
0750393b-4ff9-4c57-8de2-d1159db53784,78
075161d3-81fa-452f-9ac7-4fdd00cd367f,61
0756816f-dc68-47c8-be88-e6945c0ecda6,91
075a6c2b-3822-4a65-9c00-fb4c96860ac8,30
075c60c3-3103-48fd-8d9e-07c87ad4d0ef,40
07604a1e-34f2-4780-beb8-55f74c5e4dba,62
07604b34-2f7e-4ed1-b355-ab60c5e78a63,72
07660a63-69cf-44ce-8f91-65cff4a5e986,65
076ac4b9-07fe-47f6-950d-2fcb7e666e03,61
076fc25d-34df-491a-b4af-27246c929fab,32
0772c9ea-7657-404b-89be-0825320ee153,91
0774d317-479b-44a1-bbd3-40e8a1bad503,42
077520fb-ad45-45e3-a9d4-dc9a21b2e579,82
0775baa2-ccb4-4afd-bf7e-bd4e8e0b8d0d,81
07767a4d-36d9-4356-91ab-08edbd32224a,16
077e04cb-c0bf-4884-8019-b6ff7e0a07ed,22
0785a1ef-a96e-4d05-8ffb-86641df3430d,53
0786df6f-4f84-4945-9ad2-ab847635247a,67
0789a374-354a-41da-bc02-3d1998670927,10
078ab5b6-7c7a-4694-8c34-84110854ee7c,20
078c90f5-b097-4831-8b77-5357dc0f22b3,76
0794271d-d450-4b86-91e2-9f2e5bec165b,59
0794825d-6675-4e0a-888c-eed28c19e8b8,49
0796f055-bed4-4f7e-a5df-f10595c80693,83
07972472-a66c-4edb-836b-63b5dbae77fc,11
079925f8-d574-4d24-89ae-bb3d2d4b10ba,92
079a1612-b4df-42e6-a0ad-78ddc856241a,15
079da3cf-87e9-4dee-935b-ac35c3ac53a9,45
07a2a48d-d718-43f7-b541-004f416b0b15,14
07a3a34c-10c0-4ee6-ae66-17d117000be9,76
07a575a0-52ea-4863-a6f0-147ed9ed19de,61
07a86f6a-a8e1-47ee-a56b-d1181af2d61e,74
07a9efdb-71b5-4a43-a6da-d845d03bd38c,76
07b3ef8e-fd5b-4b61-86b4-6fe044d789f5,93
07b52d3b-fd1c-4001-9920-0c5f0e237566,98
07b6ce59-4a39-4239-8cfc-691829999769,24
07c44666-b874-46a3-b62e-2fabae2b7ee4,78
07ca0858-a70d-4044-b5b3-422672eedfe9,99
07ca5467-5093-47d0-ad3b-f9d911e54f14,75
07cf8dfd-a171-4a8a-9dba-3f52c7e27245,46
07d02941-bbd8-4ad6-90fc-2e5fe4f2872f,91
07d15fb0-d794-4814-a4d8-4477b08fa14a,71
07d1d97d-1471-4ebf-9e1e-18daafc5af26,81
07d7f02a-8c0a-4fb9-8ffd-228477b233bf,63
07d95b6f-b8f2-40ee-beb1-43cdca78f9d9,85
07dbdbc8-db77-4826-bf4a-c792c7d0f1b9,78
07dd51c0-6b89-442d-984b-3314294eab31,99
07de12b1-2626-4177-9782-1daabf3c1c9b,44
07df1211-b2ad-42f6-83d2-e81b0f88622d,100
07e0a025-af62-4478-a286-b15ddf76001b,28
07e0fd58-4390-4d8f-8d9e-51236e1f5f40,18
07e20599-c5a7-417c-942a-a8ad22b406f7,73
07e75636-f308-4fb8-9d81-1df16e9ace1d,22
07f09241-6bdb-4b0a-8545-afb42de3371f,43
07f22a44-745d-44d8-b235-db864ad62016,93
07f5d47d-c179-40bc-b23d-9161751e1f50,44
07f652ef-5c54-4fed-9370-a72a5524b5a9,96
07f72f41-c7bc-420b-a4d1-bee52b190d9f,31
07f8548c-588a-416e-819c-baa2b3b32ff0,47
08047bc6-08f9-4c92-8bda-1da1924f77f7,18
08052807-903b-4f95-9a71-714efc7ffc65,36
0807caee-26fa-4a5d-926e-b10d008718cf,14
0810e14d-91e8-4fa5-acb7-52bb8e6bdd91,77
08141ac2-d159-4cff-91d3-4021781e06a3,64
0817bcb2-9a12-4d64-ba70-30c755430226,18
081b559d-8c5c-4987-89ec-e1bf4221b624,94
081c86b5-0d7c-42e8-8a9e-e55d7ab39b3a,41
081f1d95-f48e-4993-95b6-b708f0183994,28
08250f03-7e16-42cb-a0a2-9f425f49f810,25
08268a51-96f2-4e8d-9ae4-0022d281f9c1,79
08288fc1-1ef2-443a-a930-74edbd2eef4f,19
082936ea-a651-487a-acf2-371dc3f4ce6b,25
082bd42f-0005-407f-bfa7-f87807bcb1ba,18
08343b39-b426-4ca7-b62d-eff0fc232f0c,36
0834d6f3-2296-450c-9fad-d58ea6e1ee60,90
083ed43b-046b-46a3-85ea-e5485021d173,61
08433d50-daa7-4b90-b42d-50492c354c8c,13
0845561b-66e8-4792-bee0-69baec297178,21
084b40bb-3b62-4a95-bea9-3244cdc7dff0,98
084d03b4-ef6a-4231-9d67-92c2a4bf426c,62
084d259d-fca5-49d7-b585-8d60a3c1c0ed,34
084f50d7-557c-4de0-9dc5-346b5cb841eb,97
0855aca3-bd75-41fe-a449-73daf06e3d56,79
08568257-e7b6-4ee1-bc30-0ea943526a85,87
085866b9-ead0-48e6-af5b-51db71661159,46
0858d8ac-80cb-42e6-acc7-d327aea0c6e1,89
0859dc52-56b7-4db0-8741-18fe3aace9f2,54
085cfc76-f772-42a3-a6f5-822a3c399c9d,41
0866fc41-073a-4883-98b9-1f0e440a52ee,83
08699e1a-05f9-45fa-8663-fcc127d898d1,38
0869aedf-7aed-47dc-bec0-f1c65d458a4f,11
087178a2-ae18-4c42-ad3e-e7420c3affae,79
08746a46-c985-4445-a560-42c50a9b7354,79
08839e7f-62c6-4c2e-8e76-71ef30c6dee1,15
0883fee1-b32c-4016-bf06-ce5b82213601,94
0889d73a-75c5-4535-8d17-930e094c0a7a,68
088a6b34-c7cc-44ec-a1ab-d3e7c08cb162,78
088a6efe-4c08-4a36-b6de-7dca3b567136,94
089165af-f438-40d0-9dce-880e0a3dd44e,48
0891a0e7-0080-4553-9314-2bf2141d1759,66
089fb65a-c1a9-4be4-a591-722a02717ceb,53
08a01cdd-fe82-4f21-940b-6bc55c2c74ce,18
08a18c3d-0da6-4705-884e-a6d74334d9f7,68
08a34a26-19b0-434d-9550-164416c0b2e4,65
08a6a8fa-0a21-4130-b8dd-6b0680066e92,11
08ab1de1-8f1c-499b-95ea-b19567792f80,31
08af8ebf-971a-44ad-a735-fbcac0be15f5,90
08b5d37a-6b2b-4a87-8c92-4e69e9bd8b27,11
08b7d5a8-dc8a-462d-9fed-cf5bfb9579a4,56
08b7f2bd-4954-47e4-860c-ffd37f05970c,64
08bd0ceb-a74a-4e0e-ad22-04da0cb1e0e3,86
08c0399b-b592-4267-9372-9079085e46f8,22
08c1c511-6402-4553-8441-19d42e975a66,91
08c2a1fd-d2fe-48d0-b651-9f0399587bbc,56
08c36199-ca7c-4d17-9cb0-10b09598b1c0,50
08c3b4a0-8a36-4e1a-b7fe-dfefd38622b0,53
08c6d91f-6f30-44d6-a865-c66ae1c730bc,42
08cf5ce2-a7e9-4f0e-aa54-4194ac782fe9,52
08d5c64b-5514-4866-b2d4-2574ab7b0de9,23
08d5cb8b-75d4-4438-a3b6-4316eef3c7ce,22
08e3b983-34dd-4625-9b23-42e11e86b2d9,87
08e751f3-e8c7-4460-bb3e-61287ec141da,45
08eac2b8-dcf8-4840-bf91-b2dc8951714d,60
08f1b0b4-f22d-4058-9a53-3368ad324361,78
08f68cc7-83f8-44cc-9e14-7156b06a5b2a,64
08f8b0c9-8fd8-4d31-9a4e-a32c5b8535b5,15
08fcc31d-7eba-4f27-8e84-ca149a8a01fb,74
08fd47ec-1f54-4a9e-bd49-955e3aae75a3,86
08fe23da-0a08-4156-a857-e168729567f1,83
0900a706-520d-42de-88d6-549052236301,96
090166da-7ecc-45a3-bdf6-4f0cbc154236,25
09020b81-6082-4036-b255-5ba6b1ea5a52,65
09045501-8e9a-4b2a-a1bc-a2a206bab91c,97
0907404a-c334-47c7-92f0-2431e0ba9236,36
090de61b-f957-4d43-b23e-c7928dc96492,31
090e5c4b-22e1-4c78-87b4-7f6c2d50cfdf,92
090edeea-b18a-43b5-8d8c-0bbbfeaee9ee,33
09114db2-d2f7-45cd-af22-50b6732e77db,13
091206eb-4cbf-407a-8104-33bdb12b0fdd,35
091512e8-19d0-4734-9bb7-72114942d57f,38
091620ae-d056-4fbc-904a-9f8865baae94,45
09177f51-c08d-4087-8509-5321d65f280c,96
091cf31f-2519-4b76-97cf-f1b90d590400,76
091e31b8-6bb1-4751-8492-250e3c0697bb,36
0925d7df-9de2-4f6d-a1b6-252c186c3eed,87
0925e2b1-52f3-4de9-8054-a2e578b1c9a9,15
092cba45-b391-4105-a8a9-9165ce6aaf93,86
0932fc14-c82e-4d00-afe0-db1df9d16523,81
0933fa91-d73a-40df-adc1-db6a664b43da,72
0937f010-95bd-4f26-8ce9-5254baca1fca,54
0939f4f9-8a62-4330-84e1-b0e6c3c25ea5,76
093ad00a-7a25-4719-ab6a-de7e36a8044b,37
093b0349-fbe7-48ea-a583-0ae39e4797cf,17
093c98e9-641c-4e25-b966-4eaaa658c74d,77
093ec0c4-7779-464b-9f7d-08a214937ac3,19
093f0ced-fd8d-429d-8c5c-c6a633ae9359,78
09417e99-b127-466e-97cb-4acdc0338613,58
09426d47-4ac1-4d59-91c5-312fa9e3a573,77
0948bd78-a93a-42a7-b4b7-9025c0fabb47,73
094a9619-792d-49f9-a784-1a2e32cea813,92
094c220a-be2a-42b0-9a83-d7f80952b464,97
094cd48d-10c1-48b0-a851-c40f90b29b22,29
094ded12-1f13-4fa1-b6ca-f1c028a18bc1,75
094f2f91-2bc7-45e2-b832-64953718b7ad,71
09526723-1cb2-4d31-9cee-57082e081d0b,14
0952cda9-2aa8-4b7b-8a42-5387dfaee5a9,16
0958bd92-61c3-46be-b147-13d0faae5d55,22
095a1b03-cc6b-4b0e-8df2-5a8b013ab4bc,40
095a83eb-5ed7-4520-830e-f9ac46946788,28
095fcf71-ea88-48d1-829c-830c09545ece,70
0963411b-3516-4b15-8801-983a7ae97634,87
096ae3fb-2a0d-42cc-8aad-430a9675c447,27
096be9d9-1d97-414f-bcad-c2c02b137b30,86
09717bee-fd8e-4e54-9806-dbc52071d692,52
0972778a-b460-46b3-80c7-649049c33584,42
097307db-6de7-4256-b542-5c8bf83418e4,76
09730976-d347-4ad8-b5c3-3368bf587163,42
0974f111-9911-4dfe-8918-e2d2ed4047f1,77
097bc84b-e47f-4ed2-9438-eea69eeccc13,65
097cbeb6-67a4-47ac-96a3-7a52dfdf3f09,59
097f3eee-476f-4582-a617-c87bbc7bec1d,81
09824e97-a393-4e34-a2cf-266300ddc725,80
0986a481-d518-4473-8da9-4462c85032b7,92
09874ac3-94b9-4981-b107-1147eeefefec,78
09884a16-c4e5-4981-80c2-7c753922afa2,83
098fb9aa-8f01-4d83-aea0-dd333317af6b,10
0993a640-460b-4b44-9d3f-079758debce9,50
0994244b-420d-49c6-a771-024cc24c93a8,61
099dd745-beee-4f3e-91a5-0a875551f65a,57
09a0073b-26d3-4e13-a345-16d1dc1a3544,73
09a0b769-39b8-4234-86eb-c3008916944c,77
09a31774-709b-4c40-88bc-262da81dc645,78
09a399bb-654f-4567-9e0a-7a65586252ab,81
09a3d4eb-2e02-4d5c-884e-28b684ed6925,86
09a4e137-f7dc-41e3-946a-a168ad4ac305,39
09a5e407-de17-49f5-9016-3e2bfdc861fb,78
09aa5580-179b-41fa-b375-9b4797194a42,13
09ae9a0c-00db-406b-a512-0b899dd22bb1,40
09afe562-7361-4e81-bb85-f34cc227e766,31
09b0e3d3-0baf-47d5-b05d-276a5038aa02,28
09b2af7b-3226-4510-a671-d08f1f5d941b,82
09b751b4-12d8-4cb2-9b37-44760fcc7240,48
09b81217-cc1c-4ebe-b7ba-6d9b53270567,61
09b9e4d2-9476-4572-9d81-03150ed1a1cd,63
09bbf2c1-aba6-4275-b1b9-92f4901cf170,57
09be3b6f-117d-4938-8328-a3015d25b0ec,55
09bf5632-125b-4686-8c10-f3d0af95c359,74
09bf8161-4f39-4cb9-9a60-bfe803392a33,78
09c0116a-cfc5-44cc-aed8-60aa8358bf3d,72
09c5e99f-1575-432d-9107-bd1fc850a627,14
09c6193d-6700-4a02-9eb4-d51818d4fef6,23
09c62686-d372-48f3-a6e5-25213e80e5f0,57
09c8184d-0b1b-438d-9f1b-d4d801df5b94,93
09cec6f9-08a3-4830-b436-564b87658ad3,71
09d02fb2-d654-4f7c-a384-d1af35de3935,80
09da3174-578a-413c-89ad-d36a34f0c3e9,42
09e372af-7b10-4e8a-a6c7-67c223212278,73
09e56335-81d0-48f5-9c95-e545e0322a71,82
09e83111-bda4-4374-af3d-fe26fbcf1c97,21
09ec5aee-6208-4338-9802-6ab15b039053,75
09f0122c-c005-4286-98fd-05045732f247,13
09f4a351-b406-405c-8639-de5446819bc8,21
09f7dadf-6ce4-4ea4-b972-1c1ea311148d,54
09f84f57-1ba4-4307-8390-1ff7b3848141,54
09f8c409-5808-4427-8096-6a607cf5349e,12
09f906c6-dc5f-4c0f-a19b-51a144ca7a55,66
0a02d9a2-3061-4b26-a287-592b42db6324,65
0a03bed7-9894-4d7f-8b98-536002aeba66,45
0a07f915-6fc2-4617-9451-62b8dbdb5b5a,64
0a0c7871-6b6a-49b9-9f35-4dba71114f03,65
0a0eed4d-b363-4f4c-9264-5e295290ffcb,25
0a118d91-cad5-48a4-857f-2dd93b6a7084,59
0a13c1ab-f24b-4bec-8e7c-fb440cdd0fc8,86
0a15b41a-bee2-48e7-af93-e3537a366898,42
0a16c8f6-9612-4ac0-b947-308dc3e4eb11,61
0a1845ed-94d3-4fbe-a40b-8cf8a402e604,44
0a196f7c-e1ef-479b-b189-27ec46b66b6d,52
0a1e4e34-6cec-49e6-8be9-0a740dfcc4f0,94
0a227283-a28f-451b-95f0-cea13c3c2168,72
0a2847d9-bd97-41bf-87dc-a564adc8e0d9,72
0a287488-8204-4a4d-b42b-b76d02fb7f7a,74
0a28cb91-73d2-40b8-9657-e88b8f864c22,90
0a297af7-c240-4323-a6bd-af87c79e218b,81
0a298b16-3106-4dea-b5ba-1db4aa7af235,21
0a2d6e0d-2fec-4899-9c77-0f3ff38a0e8e,64
0a2ec08c-456e-473f-a155-7ffee6a12f8c,63
0a314740-ce14-485d-9308-326d345b7330,91
0a31555f-85ef-4300-8e36-224ab02d99b1,24
0a35ec68-0608-4f9f-b801-6babaff7c35e,25
0a384db0-8800-41a6-aafe-89f5c4fdb4f4,60
0a39002a-8035-4fd4-a55d-29e90a842efc,15
0a3a809e-bd13-454b-9a51-74630e8c7e24,34
0a405fba-def4-4829-8dfe-a6b5ab58db0f,54
0a439541-9d0c-429c-8083-19a71dd23631,29
0a4555a7-e32c-4a57-a2be-ca640fccfe3b,43
0a45a620-5820-418b-83d0-bad2ff8fc341,12
0a461ec0-bca0-4aac-9cbb-53cad408091a,33
0a4a0ea4-d8ff-41b8-8f8b-f5c035924112,40
0a4b71a0-9c1c-4834-8017-c4845474e3eb,60
0a4c074e-4a8b-41f9-a2ec-befde8de1aed,40
0a517569-437c-4391-aba6-8aef1e53faf5,61
0a56cd49-f4c4-4d51-a161-f20565707ea5,74
0a599962-8caf-4788-bb8e-f9e071f2f416,95
0a5fbe89-6e84-4e76-b5e3-b549178ad5ae,33
0a619c3e-8067-4a64-9661-30e3b1279f1f,38
0a664774-3d6c-4bc2-9e9c-e988079daf34,40
0a66f57e-5c9b-49e1-b602-4812f0228ff0,66
0a675913-0b33-4c69-af92-a11ef310eec6,95
0a6d07de-e4d0-464f-9a3b-b3e054634482,70
0a70e0f1-da8b-458e-aed9-4358d0d5f37f,35
0a774902-757c-4e9e-ac3b-0c8f3ad337f1,25
0a7efaf4-3049-4ff4-bc97-717ae13e6836,26
0a85293d-027e-498d-ba3f-bbf866f17379,28
0a8dddbb-dcf3-4d97-b52a-2476de2600c7,85
0a8e87a8-0423-40a0-8947-c78873d5187e,14
0a904db5-81e8-4492-b14c-8cf8bc736f90,89
0a9ca958-e114-4331-9201-f4f24a673241,17
0a9dd748-c560-4a4e-b95f-171c7e38507a,92
0aa14684-b0b5-4ef0-962c-3124ef15d97a,50
0aa2ebf8-d024-4e18-b7f5-a8e34dfa0300,72
0aa39ffc-919a-4aa1-915a-33b8cd043ed9,65
0aa5281e-20d4-4def-a74e-42cc59f83c9b,84
0aa57c05-a7de-47ff-bdd1-1901c42d748d,34
0aa6099a-da96-46b8-b1e3-7dc4633693d7,87
0aa73f25-944d-4493-828c-dec2e28da709,16
0aa92d09-d9dc-460a-9c7e-c9a5df697086,71
0aadd230-c62c-481b-b142-bcb8d744bac0,33
0aafdb63-c73d-4ff5-8aa2-345e727d3229,38
0ab30510-150d-46b3-9a64-ff93f3db2bf9,44
0ab5b762-c578-4157-85e8-27253c066024,39
0abc9a26-2b26-41a9-8614-4b348cc9155e,45
0ac265d6-8371-4f7f-a35b-27f168cf2abc,100
0ac40ffc-4776-4187-b693-d7421ff3a9af,58
0ac4b5fa-2ac7-489c-892b-ea1756232a20,92
0ac55504-d144-4eb2-901b-a87cdecdbe44,77
0ad6af4b-49b7-4e90-b6ba-0fd8fc0f39a8,96
0ad9913d-b806-4b77-b64f-d2a1f64a597c,77
0adbf4db-ef2f-4294-8923-41a807d1c679,96
0ade6c88-b60f-48b5-a837-ee9a09a774dd,36
0ae65e01-e7fd-47fa-b036-408559ffee10,65
0aea6358-2e84-4373-959b-ceb444fd1221,94
0aeb97a3-00c5-4d51-8076-518786fa5d0f,11
0aecdf86-457b-4fc3-aa3a-7c9191036f2a,36
0afb0644-6221-441e-bf62-fb9a39d9d61e,87
0afdc963-c215-4484-b748-264c6e5b6383,19
0affcf13-4f2b-4802-8862-cf136ec46d57,92
0b00315b-1e69-45c2-93f8-f6bbde1743d9,46
0b058c88-16bf-4583-ab21-e8554f8e6cd2,91
0b17a122-b4ba-4e50-b192-e67df3845a59,30
0b18834c-a66a-4be1-b768-696879e0a65b,74
0b198df4-eb79-4c39-92eb-fb44398fbc2f,30
0b203292-01fb-4b04-9cf7-ec249d7fcf7c,31
0b248d9e-e1f6-4c17-8eb6-879caf64dbe6,61
0b26c03c-f161-4e5f-9e8d-91f4d78e9883,63
0b294d01-6f32-423d-8a3c-3e1437b63f18,38
0b2fc51a-c851-40fe-a50d-ac00314b2f5b,83
0b32c125-3ad1-49ce-90a5-2504edfce327,25
0b369d82-381a-497c-93c9-174615df73ed,61
0b411fc0-5f46-48b0-8296-8681e14131b4,51
0b42d24a-af51-4f45-8d7e-40f4eca2e625,46
0b43c11f-662c-41b5-a344-f284f75654a0,89
0b473263-657a-4778-a5b5-6ead97113495,56
0b47ca24-66c4-4c34-b0fd-5318a3bd25fd,25
0b4c9de3-2920-42f5-9dc9-53b889f2ca2c,37
0b4ff97d-40ef-49d9-a27a-68a4a6025d77,91
0b500cd9-0cda-41c8-8d0e-4240c3b08730,89
0b5140fa-de58-491b-bf31-2244bd592758,42
0b536ba6-8842-4259-8317-9ddd1dceafa2,21
0b548b04-50e7-4d3f-b602-55ec920382a1,68
0b569acf-4c76-4b44-b0fa-caf1793c7cf2,84
0b67e210-ace6-4232-aca0-247e44ff523a,31
0b68a2f3-45f9-454a-8b4d-0f6f64654eca,53
0b69e465-015a-4862-865b-02d1b30a8fda,27
0b6d9f95-b44d-446f-b695-0f7a37819487,20
0b7aa717-8911-498a-8e71-dde895cad20e,77
0b7c42fb-04de-4ab8-8b36-980f5029602e,89
0b7c5f04-57bc-4be2-bd45-fcf1fb70fb19,40
0b8032b7-c083-446e-93f0-d3b379efbdf1,64
0b8405d6-e584-46fb-979b-e8b9b83e9873,11
0b85c25c-bc20-4acc-a5a6-0e1979fabf4d,27
0b860e0b-2979-4358-8ff0-ede93646d0bf,94
0b9085c9-5b9f-4dcd-bde4-f277e041315d,88
0b91f925-4a14-44ad-96b7-0ed41b41acd2,93
0b93a90c-1f6d-453d-b6cc-31eab3e6148e,34
0b96d45d-096e-4a2d-8207-011b3bf48bd6,65
0b9dc765-0595-434a-abfb-9bd49309c03f,13
0b9e153d-102c-4ac5-b5f2-bdd84578ce0b,61
0b9e5539-faf3-41bd-8ac6-0f990a014dac,82
0ba1f09f-198e-4216-bce6-34981f25ac05,35
0ba4cb05-b00f-4cb5-97b2-9351af2ab14f,49
0ba93ec9-8efd-4cab-a42a-6ea4463b0bff,50
0baa42b9-31c0-4fda-bd8b-fea81b2aef5c,72
0bac21bf-d966-4438-a8a0-05e4e23e1903,80
0bacbb59-a8c3-4f22-897e-58dbb466ed76,29
0bb1f3e9-1b78-4bae-96a5-9bcba37c9ae1,29
0bb2dd4b-64ae-465d-8ced-5e5fedb00997,40
0bb4bfd8-4de2-4880-b022-16b93f6bf4f3,81
0bb65e97-1c01-4526-a36d-c4d67648191f,86
0bba63e8-213d-43cf-98be-27057413ee41,57
0bbf8d7d-033f-4bab-a918-c058b329573e,88
0bbfa734-4cb1-4b79-83f0-4fe747ad50f8,70
0bca2a86-ea66-4599-a879-0c5422429a71,53
0bccc32d-a260-4a9b-b502-601e442989d6,46
0bd0110d-c3c0-4cc6-8f57-46ef04149ee6,33
0bd37f8e-7b8d-4d11-9df5-9f5b0325e519,63
0bdea615-f850-449b-a66f-3d87d3e3cce0,93
0be7b620-4307-4180-8b65-b4832cec5d9f,45